Tenor,QuotePercent
3,0.005173
6,0.061184
12,0.228844
24,0.682714
60,2.652908
