Tenor,QuotePercent
20250605,0.005173
20250905,0.061184
20260305,0.228844
20270305,0.682714
20300305,2.652908
